time,time,time,solar_irradiance
2016,12,9,1.2513170846
2016,12,10,0.11863333555
2016,12,12,0.11468917475
2016,12,13,0.0
2017,1,1,0.010370204774999999
2017,1,2,2.01807216015
2017,1,3,1.502902296225
2017,1,4,0.459939760525
2017,1,5,1.3958190675
2017,1,6,0.3337838332
2017,1,7,0.492108143925
2017,1,8,1.279013334525
2017,1,9,2.032567304275
2017,1,10,2.2495912706
2017,1,11,0.4716647725
2017,1,12,0.103432693125
2017,1,13,1.568639376675
2017,1,14,2.32017189305
2017,1,15,1.794993715075
2017,1,16,1.369166393725
2017,1,17,2.154563441575
2017,1,18,2.0543690359
2017,1,19,0.589445022275
2017,1,20,0.632020042275
2017,1,21,0.506451634825
2017,1,22,0.8158384306500001
2017,1,23,2.64573457745
2017,1,24,0.266292990325
2017,1,25,0.561392340525
2017,1,26,1.1221017414
2017,1,27,0.881890916125
2017,1,28,2.4620372239
2017,1,29,0.922075240025
2017,1,30,2.0474856888
2017,1,31,2.5192571038750002
2017,2,1,1.5122601766750001
2017,2,2,2.249464430325
2017,2,3,3.042352298925
2017,2,4,2.85328877885
2017,2,5,1.507911811675
2017,2,6,2.80021163225
2017,2,7,2.963747098175
2017,2,8,0.341719340325
2017,2,9,2.1173686078
2017,2,10,1.6152168079
2017,2,11,1.902569878075
2017,2,12,3.13680335885
2017,2,13,0.367688151275
2017,2,14,1.131000692925
2017,2,15,1.888112042225
2017,2,16,1.693985104025
2017,2,17,1.878434212625
2017,2,18,2.658546568575
2017,2,19,1.90881517705
2017,2,20,1.829327431375
2017,2,21,4.270605059225
2017,2,22,2.99890758685
2017,2,23,3.3272512535
2017,2,24,3.728967317475
2017,2,25,2.00540095
2017,2,26,1.791370117375
2017,2,27,4.366589808775
2017,2,28,4.237004109325
2017,3,1,0.70402117305
2017,3,2,0.913411174
2017,3,3,2.2291348312
2017,3,4,3.960873004675
2017,3,5,4.8515877267
2017,3,6,4.75098864055
2017,3,7,4.00698223275
2017,3,8,0.402651467875
2017,3,9,1.9606501626500001
2017,3,10,3.95601691335
2017,3,11,3.6808331749
2017,3,12,4.8037828387
2017,3,13,5.50042109675
2017,3,14,2.2132637357
2017,3,15,1.3905841845
2017,3,16,2.35070548325
2017,3,17,3.13098628495
2017,3,18,4.400691261025
2017,3,19,2.754400957975
2017,3,20,3.427872899175
2017,3,21,2.3800981855
2017,3,22,1.5011925705
2017,3,23,4.9337669818
2017,3,24,3.842117618275
2017,3,25,4.1079735625
2017,3,26,6.6010846184
2017,3,27,1.7412895658
2017,3,28,2.41013909815
2017,3,29,1.815052010425
2017,3,30,3.190471251475
2017,3,31,5.775849203375
2017,4,1,4.674564895075
2017,4,2,3.6250788919
2017,4,3,6.598911587475
2017,4,4,5.8827205636
2017,4,5,2.88318148525
2017,4,6,2.9965064295
2017,4,7,4.157288149325
2017,4,8,2.403673737475
2017,4,9,4.625099448275
2017,4,10,4.852288393025
2017,4,11,5.71549635805
2017,4,12,5.921703992
2017,4,13,6.5034389979
2017,4,14,5.8589194007000005
2017,4,15,7.14994840165
2017,4,16,1.0060034511
2017,4,17,1.66792737875
2017,4,18,6.283510271075
2017,4,19,7.488054433125
2017,4,20,2.901196385775
2017,4,21,6.0377416958
2017,4,22,3.01175325805
2017,4,23,2.5456857250000002
2017,4,24,4.722743792625
2017,4,25,7.02716181545
2017,4,26,1.835507534275
2017,4,27,2.361390948075
2017,4,28,2.572902318025
2017,4,29,2.0477063085
2017,4,30,7.9309418987499996
2017,5,1,1.99948933845
2017,5,2,1.27398973045
2017,5,3,6.7701101041000005
2017,5,4,8.4893460739
2017,5,5,4.776122910025
2017,5,6,1.1798692167
2017,5,7,6.30576525175
2017,5,8,6.330878394
2017,5,9,2.523387380175
2017,5,10,4.159524538625
2017,5,11,2.90923490455
2017,5,12,7.162582709575
2017,5,13,8.44318279915
2017,5,14,6.565550244325
2017,5,15,2.3663626591
2017,5,16,3.386846459375
2017,5,17,6.686079861
2017,5,18,7.68927122675
2017,5,19,5.6712581725
2017,5,20,6.469975039025
2017,5,21,9.189104259375
2017,5,22,6.99757865295
2017,5,23,1.59843297875
2017,5,24,4.960920750125
2017,5,25,5.3486558455
2017,5,26,0.837127897675
2017,5,27,2.167475474
2017,5,28,8.254496648349999
2017,5,29,4.5049550557749996
2017,5,30,8.31813111015
2017,5,31,4.7537872237
2017,6,1,4.958615527275
2017,6,2,6.4825556330000005
2017,6,3,6.089959586525
2017,6,4,3.660149493325
2017,6,5,4.90137274125
2017,6,6,5.36122723975
2017,6,7,9.05983382825
2017,6,8,8.97612059655
2017,6,9,1.365328378675
2017,6,10,9.441231559575
2017,6,11,7.805146981
2017,6,12,7.493331501025
2017,6,13,7.12978950775
2017,6,14,7.9460839889
2017,6,15,5.7758217325
2017,6,16,6.0672881183000005
2017,6,17,1.704064539025
2017,6,18,3.4132999757499998
2017,6,19,1.7683762049
2017,6,20,1.5075494565
2017,6,21,7.4865687735
2017,6,22,8.76078177675
2017,6,23,4.224853724075
2017,6,24,0.84074213535
2017,6,25,9.147032463425
2017,6,26,8.573107318975
2017,6,27,7.39784116285
2017,6,28,6.645675017025
2017,6,29,7.4346958461
2017,6,30,0.8966101814999999
2017,7,1,0.8793787492
2017,7,2,1.27056754935
2017,7,3,8.470386343375
2017,7,4,7.03262222295
2017,7,5,9.07353336375
2017,7,6,8.777884781825
2017,7,7,7.02431506975
2017,7,8,5.418520857575
2017,7,9,4.33737440935
2017,7,10,7.26424809505
2017,7,11,4.4206607392
2017,7,12,4.84457357625
2017,7,13,2.14921084945
2017,7,14,8.84345882925
2017,7,15,6.0933657608
2017,7,16,6.32155133825
2017,7,17,7.2815478607
2017,7,18,5.072334467525
2017,7,19,3.531587723625
2017,7,20,6.583134699675
2017,7,21,6.4178268049
2017,7,22,7.7060476173
2017,7,23,8.771306156175
2017,7,24,5.299062789075
2017,7,25,3.155288203825
2017,7,26,8.13301135635
2017,7,27,3.548997473025
2017,7,28,2.05054980165
2017,7,29,7.034572308625
2017,7,30,6.41920380725
2017,7,31,8.205690953625
2017,8,1,8.0537658571
2017,8,2,8.14554292645
2017,8,3,6.0163069211749995
2017,8,4,7.171672515875
2017,8,5,6.1218406776
2017,8,6,3.241800341875
2017,8,7,8.06099394875
2017,8,8,1.24683169545
2017,8,9,7.3976710656
2017,8,10,7.27622828825
2017,8,11,6.4481335354
2017,8,12,1.341151632825
2017,8,13,2.30583779405
2017,8,14,7.139549249825
2017,8,15,7.1006131515
2017,8,16,4.367078094275
2017,8,17,6.641575909075
2017,8,18,5.269015137575
2017,8,19,0.618603145
2017,8,20,2.77263239865
2017,8,21,6.361374047
2017,8,22,6.45385228175
2017,8,23,1.276942881175
2017,8,24,7.2027014189
2017,8,25,7.03796999815
2017,8,26,6.9903056007
2017,8,27,5.1320005179
2017,8,28,7.149153221
2017,8,29,6.7568322885
2017,8,30,2.380972181375
2017,8,31,5.884901078925
2017,9,1,6.340332820275
2017,9,2,3.82058926275
2017,9,3,4.02208131975
2017,9,4,2.8414854222
2017,9,5,4.4373290445
2017,9,6,5.614944234175
2017,9,7,1.008882167075
2017,9,8,5.541608577
2017,9,9,5.9208177914
2017,9,10,4.67640420045
2017,9,11,3.8482778285
2017,9,12,5.659419173525
2017,9,13,6.0678877855
2017,9,14,5.75123122125
2017,9,15,5.143736516775
2017,9,16,1.962336843875
2017,9,17,1.52875660015
2017,9,18,1.575495953075
2017,9,19,1.38734466045
2017,9,20,2.9849367247250003
2017,9,21,5.31392136425
2017,9,22,5.50912405575
2017,9,23,2.814721053325
2017,9,24,4.782178763075
2017,9,25,4.963667121125
2017,9,26,3.512386771
2017,9,27,1.362005780275
2017,9,28,1.606768354175
2017,9,29,3.587334072075
2017,9,30,3.726306364775
2017,10,1,5.2214690201
2017,10,2,4.3444541148999996
2017,10,3,3.593180827925
2017,10,4,3.51276304
2017,10,5,4.39338835765
2017,10,6,2.571212270225
2017,10,7,4.39839867825
2017,10,8,2.321539590425
2017,10,9,2.090607271425
2017,10,10,1.21418196375
2017,10,11,4.53478211325
2017,10,12,4.4508686675749995
2017,10,13,4.415533983375
2017,10,14,0.916894969
2017,10,15,2.1486856921
2017,10,16,2.0749541529
2017,10,17,3.8184614038
2017,10,18,3.212095869175
2017,10,19,3.9229651145
2017,10,20,3.89978289095
2017,10,21,4.00767897025
2017,10,22,3.86988045675
2017,10,23,3.5784210933
2017,10,24,3.147483067625
2017,10,25,2.7188111045
2017,10,26,2.41700934975
2017,10,27,3.2111115919
2017,10,28,3.3980359025499998
2017,10,29,3.040099121675
2017,10,30,0.53155913505
2017,10,31,2.6539794725
2017,11,1,2.9631478696
2017,11,2,1.4672933767
2017,11,3,2.454609884975
2017,11,4,2.98348221275
2017,11,5,1.955318604625
2017,11,6,1.4589171865
2017,11,7,2.10488154125
2017,11,8,1.2053247840499999
2017,11,9,2.8985901688749998
2017,11,10,0.9622398950000001
2017,11,11,2.89296191325
2017,11,12,1.4925586052
2017,11,13,2.16824645205
2017,11,14,0.68210677315
2017,11,15,1.07406575325
2017,11,16,1.115106732675
2017,11,17,0.703673889975
2017,11,18,2.045589736525
2017,11,19,0.160842205525
2017,11,20,0.9927858053249999
2017,11,21,2.32642275875
2017,11,22,1.6605815586
2017,11,23,2.13877751545
2017,11,24,1.889909957025
2017,11,25,2.20971495415
2017,11,26,0.42790689745
2017,11,27,1.0563377275
2017,11,28,1.90339108045
2017,11,29,0.401759686325
2017,11,30,2.131220960275
2017,12,1,0.473989918175
2017,12,2,0.91849256775
2017,12,3,0.7263917553
2017,12,4,0.829551004125
2017,12,6,0.0
2017,12,7,0.164171083475
2017,12,8,1.184969945025
2017,12,9,0.54482805405
2017,12,10,0.6260270426
2017,12,11,0.325267766325
2017,12,12,0.1178986237
2017,12,13,0.34612604145
2017,12,14,0.71206811735
2017,12,15,1.72486574685
2017,12,16,1.1934171712500001
2017,12,17,1.9202200416
2017,12,18,0.97394263465
2017,12,19,0.3090596117
2017,12,20,1.963612602725
2017,12,21,1.82753805705
2017,12,22,1.65123704285
2017,12,23,0.5121978445250001
2017,12,24,1.721733639825
2017,12,25,0.31690986975
2017,12,26,1.4969064693
2017,12,27,1.6584020717
2017,12,28,0.916358137
2017,12,29,0.8770993540500001
2017,12,30,0.59455508365
2017,12,31,0.745003248775
2018,1,1,1.049221558525
2018,1,2,0.9720748334
2018,1,3,1.6377226667
2018,1,4,0.182277947775
2018,1,5,0.371021146825
2018,1,6,0.980139295975
2018,1,7,2.046924032475
2018,1,8,0.763471898875
2018,1,9,0.99067451375
2018,1,10,2.1921963907
2018,1,11,0.66462425915
2018,1,12,0.8663236471
2018,1,13,0.52840722975
2018,1,14,0.5487432357500001
2018,1,15,1.243441234825
2018,1,16,0.857953501775
2018,1,17,0.4343308555
2018,1,18,1.40475294965
2018,1,19,1.41117263175
2018,1,20,0.925797750225
2018,1,21,2.4654225806
2018,1,22,2.4341421635000002
2018,1,23,0.32305199305
2018,1,24,1.8543288197
2018,1,25,1.817414748825
2018,1,26,2.7616028654
2018,1,27,0.913770316875
2018,1,28,0.908384400525
2018,1,29,1.3693323116
2018,1,30,0.8496846849
2018,1,31,3.005174737725
2018,2,1,0.51421095735
2018,2,2,0.2023512835
2018,2,3,1.765417294575
2018,2,4,0.684353381525
2018,2,5,0.6188084288
2018,2,6,1.342189518775
2018,2,7,1.67020390315
2018,2,8,1.09651620995
2018,2,9,2.752103730825
2018,2,10,0.637564033525
2018,2,11,0.722729231875
2018,2,12,1.43532162905
2018,2,13,3.4749241744
2018,2,14,1.833893900625
2018,2,15,3.18848474055
2018,2,16,0.9268768325
2018,2,17,3.938690200075
2018,2,18,1.06573055965
2018,2,19,3.84346327555
2018,2,20,0.9508845161
2018,2,21,0.8250546665
2018,2,22,3.718716852175
2018,2,23,4.00794411805
2018,2,24,3.057902911175
2018,2,25,2.1162873248
2018,2,26,1.7196879141
2018,2,27,4.65648450075
2018,2,28,4.150864593525
2018,3,1,0.77092721025
2018,3,2,4.01928163105
2018,3,3,2.7812371806250002
2018,3,4,1.45092731355
2018,3,5,1.8184059846
2018,3,6,1.73295417085
2018,3,7,2.98424746075
2018,3,8,0.92205324355
2018,3,9,0.536227917925
2018,3,10,0.930306827425
2018,3,11,2.16663218525
2018,3,12,2.24895799575
2018,3,13,1.0417318739249999
2018,3,14,2.210535194625
2018,3,15,4.1675849099
2018,3,16,3.621421680925
2018,3,17,3.157413960825
2018,3,18,5.872306638425
2018,3,19,5.996987919125
2018,3,20,3.987390667725
2018,3,21,4.33720644855
2018,3,22,0.656715529675
2018,3,23,2.4447658944
2018,3,24,2.117922129725
2018,3,25,3.5389701281
2018,3,26,6.5280359165
2018,3,27,6.622464512525
2018,3,28,1.667851481
2018,3,29,5.182653411325
2018,3,30,0.45028414505000003
2018,3,31,6.0282400792
2018,4,1,1.05544387145
2018,4,2,5.33553540625
2018,4,3,5.614159378025
2018,4,4,0.623829125375
2018,4,5,6.275566280875
2018,4,6,7.13433319285
2018,4,7,2.032224123475
2018,4,8,2.063465045075
2018,4,9,6.843172895325
2018,4,10,7.321845080925
2018,4,11,7.472543553575
2018,4,12,7.27365372125
2018,4,13,2.9496520972
2018,4,14,1.83737276055
2018,4,15,5.909525256975
2018,4,16,3.6748578372
2018,4,17,1.009012960225
2018,4,18,4.71890337675
2018,4,19,3.227047238825
2018,4,20,4.52148834045
2018,4,21,6.24798903675
2018,4,22,7.63897785345
2018,4,23,7.981288591425
2018,4,24,7.818505500175
2018,4,25,5.572252602
2018,4,26,1.055429480475
2018,4,27,7.02694234775
2018,4,28,2.3959637405
2018,4,29,2.544056709175
2018,4,30,0.913311400125
2018,5,1,3.3779740945
2018,5,2,6.186453498
2018,5,3,2.72523526115
2018,5,4,3.1298710258
2018,5,5,7.47533556115
2018,5,6,5.7615709894
2018,5,7,6.450723042725
2018,5,8,8.2952581617
2018,5,9,6.47784965675
2018,5,10,2.893847009025
2018,5,11,7.450905404225
2018,5,12,8.1911852385
2018,5,13,8.2651176267
2018,5,14,7.99447601285
2018,5,15,5.10108034075
2018,5,16,8.5669320309
2018,5,17,3.460317434425
2018,5,18,9.021000418
2018,5,19,8.061215000725
2018,5,20,0.77726475825
2018,5,21,8.50501686845
2018,5,22,8.12799225445
2018,5,23,6.396560388225
2018,5,24,7.873820930475
2018,5,25,1.573265902525
2018,5,26,3.190592180525
2018,5,27,8.9983659524
2018,5,28,7.38556659895
2018,5,29,4.688775546275
2018,5,30,9.0802994195
2018,5,31,8.93783473875
2018,6,1,7.56635997195
2018,6,2,2.153351644925
2018,6,3,6.931063988975
2018,6,4,8.181999860774999
2018,6,5,3.1812023792
2018,6,6,3.462977508825
2018,6,7,7.25277705295
2018,6,8,3.611597893225
2018,6,9,5.98178334185
2018,6,10,4.850708937175
2018,6,11,6.1671109226
2018,6,12,8.404060433625
2018,6,13,4.4356429957
2018,6,14,1.514078532125
2018,6,15,8.950341350375
2018,6,16,5.28685481175
2018,6,17,8.4711016495
2018,6,18,1.484740418275
2018,6,19,6.05451298015
2018,6,20,9.1654357501
2018,6,21,8.1874396226
2018,6,22,9.34532047145
2018,6,23,6.283758158425
2018,6,24,4.517083257125
2018,6,25,1.40943214795
2018,6,26,7.7957828478
2018,6,27,9.060226891875
2018,6,28,3.14575904895
2018,6,29,3.814170058975
2018,6,30,8.372420268575
2018,7,1,6.693704074825
2018,7,2,7.422653882475
2018,7,3,6.652935174625
2018,7,4,7.666205065325
2018,7,5,8.28157644395
2018,7,6,0.79783425965
2018,7,7,9.21600714495
2018,7,8,8.4197443954
2018,7,9,8.75262931725
2018,7,10,8.054948589
2018,7,11,5.2551796185
2018,7,12,7.4708719374
2018,7,13,7.39024965025
2018,7,14,6.3711258361
2018,7,15,5.2734761993
2018,7,16,7.4910717893
2018,7,17,6.750282903725
2018,7,18,2.38787228375
2018,7,19,8.63451763365
2018,7,20,8.5962051951
2018,7,21,3.0791818055749998
2018,7,22,4.214144038825
2018,7,23,6.7605287345
2018,7,24,6.9556357675
2018,7,25,7.519272858825
2018,7,26,2.788483300425
2018,7,27,3.736810606975
2018,7,28,6.0598457728
2018,7,29,3.753707929975
2018,7,30,7.39950985455
2018,7,31,7.68805631775
2018,8,1,7.694607982925
2018,8,2,2.081757850275
2018,8,3,6.991633798725
2018,8,4,5.933355384975
2018,8,5,3.728912074825
2018,8,6,7.2901656559
2018,8,7,7.200413308975
2018,8,8,5.3252902508
2018,8,9,2.17044658535
2018,8,10,5.59351128265
2018,8,11,7.69673105435
2018,8,12,6.43920075395
2018,8,13,7.223956567075
2018,8,14,3.2844947165
2018,8,15,4.4182574957
2018,8,16,4.397499120125
2018,8,17,7.153337835625
2018,8,18,0.7395518308
2018,8,19,5.51817218825
2018,8,20,6.4074710467
2018,8,21,7.26912971295
2018,8,22,3.090100195175
2018,8,23,6.249447266075
2018,8,24,5.7363896375
2018,8,25,5.8227480929999995
2018,8,26,6.269635319
2018,8,27,4.193449218475
2018,8,28,5.61315002975
2018,8,29,6.646574818825
2018,8,30,2.816252002375
2018,8,31,5.527040895125
2018,9,1,6.532408446
2018,9,2,5.8689346415
2018,9,3,3.138663150975
2018,9,4,3.9497101549
2018,9,5,6.141788075
2018,9,6,1.791772700775
2018,9,7,6.19864564425
2018,9,8,6.1579129228000005
2018,9,9,5.4841695205
2018,9,10,6.1331491797
2018,9,11,0.7026542322
2018,9,12,2.5692479439750002
2018,9,13,4.706358496725
2018,9,14,5.917458442475
2018,9,15,5.975099347475
2018,9,16,3.1982397917
2018,9,17,4.370358809325
2018,9,18,2.56795341225
2018,9,19,2.58722548695
2018,9,20,3.127215799475
2018,9,21,4.11542033415
2018,9,22,3.915547838875
2018,9,23,5.745901276375
2018,9,24,5.91673759025
2018,9,25,4.6963158181999995
2018,9,26,1.646312292
2018,9,27,3.268604247825
2018,9,28,0.78364186155
2018,9,29,2.7766448913
2018,9,30,5.167331428775
2018,10,1,2.9501333273
2018,10,2,1.6116016014
2018,10,3,0.628447582175
2018,10,4,1.409668149225
2018,10,5,4.88499739625
2018,10,6,4.74466349215
2018,10,7,0.912635836475
2018,10,8,2.81356347185
2018,10,9,0.448529768575
2018,10,10,0.460219185725
2018,10,11,0.508064412
2018,10,12,0.660477301075
2018,10,13,1.364728841775
2018,10,14,3.72555209005
2018,10,15,3.58133864395
2018,10,16,0.284632490825
2018,10,17,0.9775578869
2018,10,18,1.770384472025
2018,10,19,3.61786827585
2018,10,20,0.926693271
2018,10,21,3.6223979547000003
2018,10,22,2.7936589554499998
2018,10,23,3.038928338075
2018,10,24,2.629567930975
2018,10,25,1.239241293125
2018,10,26,3.4781967145
2018,10,27,1.341820798425
2018,10,28,1.03623192695
2018,10,29,2.060267043225
2018,10,30,1.2599179228
2018,10,31,1.52622775355
2018,11,1,0.46810645615
2018,11,2,0.2133177986
2018,11,3,0.45356683600000003
2018,11,4,2.399960019825
2018,11,5,1.116516181875
2018,11,6,0.6384010556
2018,11,7,1.86663502675
2018,11,8,1.978937031225
2018,11,9,2.8277881428
2018,11,10,0.208033932
2018,11,11,2.389937453175
2018,11,12,2.77044395105
2018,11,13,0.554134205325
2018,11,14,1.4212685189
2018,11,15,2.5887930576250002
2018,11,16,0.341022707125
2018,11,17,1.417437272625
2018,11,18,2.480865390375
2018,11,19,0.556878844525
2018,11,20,0.576351237125
2018,11,21,0.8112910895500001
2018,11,22,0.882802830875
2018,11,23,2.1423128636
2018,11,24,1.85685485285
2018,11,25,0.357385167725
2018,11,26,1.213320073075
2018,11,27,0.27644991175
2018,11,28,0.61787436525
2018,11,29,0.0
2018,11,30,0.930080379825
2018,12,1,0.78844910115
2018,12,2,0.675803257825
2018,12,3,1.695428154225
2018,12,4,0.441225986925
2018,12,5,1.857013870425
2018,12,6,1.00811792775
2018,12,7,1.028857858175
2018,12,8,0.5805897843
2018,12,9,0.618775000125
2018,12,10,0.4122063588
2018,12,11,0.29011036135
2018,12,12,0.858127416125
2018,12,13,2.00170678375
2018,12,14,0.63192074095
2018,12,15,0.681892285525
2018,12,16,1.831971392425
2018,12,17,0.210037078925
2018,12,18,0.48374626935
2018,12,19,1.9263377415
2018,12,20,1.49157075565
2018,12,21,0.39783101525
2018,12,22,0.458577915775
2018,12,23,1.768857012225
2018,12,24,1.10445167895
2018,12,25,1.15037535265
2018,12,26,1.97341141445
2018,12,27,2.0201901752249998
2018,12,28,0.38070740945
2018,12,29,0.589050871175
2018,12,30,1.3124543725
2018,12,31,1.3824555523
2019,1,1,0.280772486575
2019,1,2,2.091684156775
2019,1,3,0.851613988125
2019,1,4,1.161272367825
2019,1,5,0.741336359825
2019,1,6,0.0
2019,1,7,1.23056040975
2019,1,8,0.66031501365
2019,1,9,0.25867530775
2019,1,10,0.579650948925
2019,1,11,0.72531358615
2019,1,12,0.93803871975
2019,1,13,2.291035813275
2019,1,14,2.2033674128
2019,1,15,1.991755222825
2019,1,16,1.523095572925
2019,1,17,2.37696274285
2019,1,18,1.608784380675
2019,1,19,2.336198914575
2019,1,20,0.167747501875
2019,1,21,0.7296872173
2019,1,22,1.708007527225
2019,1,23,1.268643033025
2019,1,24,0.427102007325
2019,1,25,2.0721326117
2019,1,26,2.2785685516
2019,1,27,2.586544576975
2019,1,28,1.923074661925
2019,1,29,2.71538905795
2019,1,30,0.265711180725
2019,1,31,1.593664901575
2019,2,1,1.7410469386
2019,2,2,1.9602126561
2019,2,3,3.0455727392
2019,2,4,0.2973798412
2019,2,5,0.627764092
2019,2,6,1.12442775825
2019,2,7,1.58283449305
2019,2,8,0.3501954435
2019,2,9,2.2026173831749998
2019,2,10,3.3949272207
2019,2,11,3.5692038855
2019,2,12,3.365022336225
2019,2,13,0.41704220815
2019,2,14,3.954444163425
2019,2,15,2.21610771945
2019,2,16,0.842943049925
2019,2,17,3.870450178825
2019,2,18,3.042768664675
2019,2,19,4.0933867773
2019,2,20,4.140007292875
2019,2,21,0.745987615625
2019,2,22,3.8774814147
2019,2,23,4.0639248361
2019,2,24,2.88406351625
2019,2,25,1.69529841585
2019,2,26,3.360124852925
2019,2,27,4.48223416475
2019,2,28,4.711851358975
2019,3,1,4.743006687125
2019,3,2,2.556907548475
2019,3,3,4.09442610775
2019,3,4,0.53130613175
2019,3,5,4.789499129625
2019,3,6,4.640210073725
2019,3,7,4.3918190485
2019,3,8,4.732629811425
2019,3,9,5.3220542961
2019,3,10,4.2413294497
2019,3,11,3.6125033545
2019,3,12,3.243419645175
2019,3,13,5.419779501725
2019,3,14,5.4621637195
2019,3,15,1.7228630542
2019,3,16,2.5486729777
2019,3,17,5.815292464625
2019,3,18,5.84892271265
2019,3,19,5.157978669425
2019,3,20,6.1102383576
2019,3,21,5.29399950645
2019,3,22,0.6745216595
2019,3,23,1.77146743775
2019,3,24,6.027983449175
2019,3,25,6.216592075675
2019,3,26,6.5325032105
2019,3,27,6.5091049285
2019,3,28,6.339114370625
2019,3,29,1.769322961225
2019,3,30,2.9856985050750002
2019,3,31,4.922022137875
2019,4,1,2.3849812895999998
2019,4,2,6.81347753925
2019,4,3,0.567663452325
2019,4,4,7.46543027415
2019,4,5,7.1109788985
2019,4,6,1.17650078595
2019,4,7,7.0491489452
2019,4,8,3.479391172075
2019,4,9,3.766875889325
2019,4,10,3.475573962675
2019,4,11,5.718800568
2019,4,12,6.982195043175
2019,4,13,0.77625274955
2019,4,14,6.363514840925
2019,4,15,0.818681698875
2019,4,16,2.414576101975
2019,4,17,5.211068543175
2019,4,18,5.430324700575
2019,4,19,0.443269241725
2019,4,20,0.614980897125
2019,4,21,2.332820696525
2019,4,22,1.7138485842
2019,4,23,1.220314490625
2019,4,24,2.3467464645
2019,4,25,4.186601648325
2019,4,26,6.461702559775
2019,4,27,0.632764086525
2019,4,28,6.5631468333
2019,4,29,5.45054740075
2019,4,30,5.2936026057
2019,5,1,7.8461421345
2019,5,2,7.36731506825
2019,5,3,7.058440243375
2019,5,4,2.42534441195
2019,5,5,7.1139685865
2019,5,6,6.516290395
2019,5,7,6.816424163675
2019,5,8,8.185301444075
2019,5,9,6.39107416725
2019,5,10,2.21573009945
2019,5,11,2.828616193975
2019,5,12,5.286304515075
2019,5,13,5.051542658675
2019,5,14,2.81949168565
2019,5,15,2.666649449225
2019,5,16,2.980524279125
2019,5,17,4.83600840135
2019,5,18,3.319775169625
2019,5,19,5.800059065425
2019,5,20,1.302725802725
2019,5,21,1.43672897745
2019,5,22,3.62305625655
2019,5,23,6.258801998025
2019,5,24,2.57615888
2019,5,25,8.745708100875
2019,5,26,1.0814690215
2019,5,27,1.8969104048
2019,5,28,8.31445240025
2019,5,29,5.234622569325
2019,5,30,4.109831257075
2019,5,31,2.893442486225
2019,6,1,8.15628080535
2019,6,2,2.5133090672
2019,6,3,3.0167395855
2019,6,4,8.9287477869
2019,6,5,4.514401546325
2019,6,6,1.3645981229
2019,6,7,8.63434948575
2019,6,8,8.7891504807
2019,6,9,9.14559766835
2019,6,10,8.2531433975
2019,6,11,6.5634966962
2019,6,12,9.39058421675
2019,6,13,5.745625024625
2019,6,14,5.2666648638249995
2019,6,15,6.68278142295
2019,6,16,6.46860574645
2019,6,17,6.757987051525
2019,6,18,8.6152399361
2019,6,19,7.1753483787
2019,6,20,6.139138116775
2019,6,21,0.73355800595
2019,6,22,4.424456130225
2019,6,23,7.3548069096
2019,6,24,8.2827224214
2019,6,25,9.114889784825
2019,6,26,4.690455669025
2019,6,27,2.049500528825
2019,6,28,2.5601350583
2019,6,29,1.96336659535
2019,6,30,1.758463684625
2019,7,1,2.7131750113
2019,7,2,4.67592111275
2019,7,3,7.71159251745
2019,7,4,8.3739797714
2019,7,5,8.2008405418
2019,7,6,4.385854624775
2019,7,7,9.12629247775
2019,7,8,8.97135584625
2019,7,9,8.3651522449
2019,7,10,7.3001724075
2019,7,11,8.689566033025
2019,7,12,1.88809350355
2019,7,13,5.59299511605
2019,7,14,5.302473057575
2019,7,15,6.48104106225
2019,7,16,8.00409431
2019,7,17,5.100238820875
2019,7,18,8.22923896325
2019,7,19,8.2007304785
2019,7,20,7.51220524125
2019,7,21,2.78133286105
2019,7,22,5.163436776475
2019,7,23,1.971547942375
2019,7,24,4.79491585345
2019,7,25,6.540338613
2019,7,26,8.227148604
2019,7,27,6.97856631875
2019,7,28,7.80131637915
2019,7,29,4.7941791957
2019,7,30,7.383402713175
2019,7,31,6.5587389488
2019,8,1,3.917743978075
2019,8,2,7.8970657253
2019,8,3,7.485017789225
2019,8,4,5.10053887605
2019,8,5,7.9599956518
2019,8,6,7.738643230075
2019,8,7,7.247888705775
2019,8,8,3.2124948972
2019,8,9,5.16815528965
2019,8,10,3.3385181295
2019,8,11,5.1667457799
2019,8,12,6.16950448565
2019,8,13,4.439491041
2019,8,14,7.27226975565
2019,8,15,7.618601831225
2019,8,16,6.25826133025
2019,8,17,4.916933653125
2019,8,18,3.503126251225
2019,8,19,2.554995839475
2019,8,20,4.71310775175
2019,8,21,6.2544243457499995
2019,8,22,1.725563198325
2019,8,23,5.0666171494
2019,8,24,4.742760978125
2019,8,25,7.208424223
2019,8,26,2.0009490587
2019,8,27,3.791709073625
2019,8,28,6.93861466985
2019,8,29,0.777849604825
2019,8,30,5.11750393475
2019,8,31,6.81530295295
2019,9,1,6.9823553724
2019,9,2,3.857517732475
2019,9,3,3.14690875195
2019,9,4,5.07187134525
2019,9,5,6.609361230525
2019,9,6,5.96262736025
2019,9,7,0.29361677565
2019,9,12,2.961246182575
2019,9,13,4.62293867905
2019,9,14,4.7880245623999995
2019,9,15,3.37224883205
2019,9,16,3.7209149065
2019,9,17,1.99826138025
2019,9,18,3.8819874852500003
2019,9,19,5.881691493125
2019,9,20,5.63486053425
2019,9,21,5.7408792445
2019,9,22,5.21673881265
2019,9,23,3.6029108015
2019,9,24,0.92698386505
2019,9,25,1.15866358045
2019,9,26,4.4337332234749995
2019,9,27,5.336534281475
2019,9,28,4.39376296375
2019,9,29,4.1312592059
2019,9,30,5.33303929485
2019,10,1,2.200289265325
2019,10,2,1.1700024309750001
2019,10,3,4.884206847925
2019,10,4,2.270335923425
2019,10,5,4.956439003
2019,10,6,4.569204428925
2019,10,7,0.818481866225
2019,10,8,2.581293855975
2019,10,9,4.526544403
2019,10,10,2.993859194325
2019,10,11,1.908394712675
2019,10,12,0.951085521325
2019,10,13,1.29736845475
2019,10,14,1.7599815324499999
2019,10,15,2.594905096325
2019,10,16,4.037585157525
2019,10,17,0.7978993797
2019,10,18,2.024276495325
2019,10,19,1.747029276475
2019,10,20,3.87578254075
2019,10,21,3.903141087575
2019,10,22,3.4083462346
2019,10,23,0.712668780375
2019,10,24,3.6790981484
2019,10,25,2.7978183866
2019,10,26,3.147246264625
2019,10,27,2.9565795602000002
2019,10,28,3.263211633925
2019,10,29,3.280882710775
2019,10,30,1.621368063175
2019,10,31,0.37922634185
2019,11,1,1.5796144305
2019,11,2,3.207710322775
2019,11,3,1.66567105655
2019,11,4,3.033731129
2019,11,5,1.8976375653
2019,11,6,2.5952103742
2019,11,7,0.436485401375
2019,11,8,0.752054324
2019,11,9,2.474483807775
2019,11,10,1.3478287362499999
2019,11,11,1.411075962425
2019,11,12,0.8045462208499999
2019,11,13,1.4623810123
2019,11,14,2.211881259575
2019,11,15,1.2991761153999999
2019,11,16,2.593380610875
2019,11,17,2.4460129943
2019,11,18,0.702249476675
2019,11,19,1.0338448177
2019,11,20,0.732838339125
2019,11,21,1.502629629525
2019,11,22,0.54800803765
2019,11,23,1.89191964425
2019,11,24,0.8915426665
2019,11,25,0.6509837603499999
2019,11,26,2.18349943
2019,11,27,1.70629013875
2019,11,28,0.2967088942
2019,11,29,1.1406530671
2019,11,30,0.890664451175
2019,12,1,2.20248159045
2019,12,2,1.151344582675
2019,12,3,0.42584399885
2019,12,4,1.06400099145
2019,12,5,0.534024058875
2019,12,6,1.3967910459
2019,12,7,1.8474693251
2019,12,8,2.004318294225
2019,12,9,0.35718999105
2019,12,10,0.18015046385
2019,12,11,0.2869583067
2019,12,12,1.792842684375
2019,12,13,1.45051508825
2019,12,14,0.137629967075
2019,12,15,0.8558830072
2019,12,16,1.845715315925
2019,12,17,1.1245884748
2019,12,18,0.918553990975
2019,12,19,1.52477866525
2019,12,20,1.3389324976749999
2019,12,21,1.5287626285
2019,12,22,0.3729272203
2019,12,23,1.04565430225
2019,12,24,1.521863096475
2019,12,25,1.603713211925
2019,12,26,1.790974204075
2019,12,27,0.39724475475
2019,12,28,0.9541309380749999
2019,12,29,1.81706034305
2019,12,30,0.696557293825
2019,12,31,0.3229076781
2020,1,1,1.291487434175
2020,1,2,1.2176223676
2020,1,3,1.0670711735
2020,1,4,0.89234329175
2020,1,5,0.3839564075
2020,1,6,1.145490532575
2020,1,7,1.9300519924
2020,1,8,0.298949584975
2020,1,9,1.5107990599999999
2020,1,10,0.634349064625
2020,1,11,0.323695490475
2020,1,12,0.2687621606
2020,1,13,0.571647603175
2020,1,14,0.9001500989
2020,1,15,0.531349493525
2020,1,16,0.628355822175
2020,1,17,1.840869765575
2020,1,18,2.22701660745
2020,1,19,0.435790545775
2020,1,20,1.527542044
2020,1,21,2.4224391693
2020,1,22,2.40337804825
2020,1,23,1.3748428561
2020,1,24,1.829626665675
2020,1,25,2.1736193919
2020,1,26,0.308282853925
2020,1,27,1.2094837829
2020,1,28,1.081757035675
2020,1,29,2.0974546881
2020,1,30,2.338218091125
2020,1,31,2.8621800768
2020,2,1,1.65186595705
2020,2,2,1.6873173830000001
2020,2,3,2.91000782815
2020,2,4,2.48452668725
2020,2,5,3.1844885135
2020,2,6,0.527635820325
2020,2,7,0.326672222
2020,2,8,0.8191355124999999
2020,2,9,3.410251692875
2020,2,10,0.359187910625
2020,2,11,1.47579560185
2020,2,12,1.207824256425
2020,2,13,0.2868888041
2020,2,14,1.61223990215
2020,2,15,0.5827264441
2020,2,16,0.8548293951
2020,2,17,3.2810889189
2020,2,18,2.376751787025
2020,2,19,1.43746848075
2020,2,20,4.07014557115
2020,2,21,4.175604279575
2020,2,22,2.4628034771
2020,2,23,4.08017849065
2020,2,24,3.20679875625
2020,2,25,1.5198693747
2020,2,26,3.2790846595
2020,2,27,0.5242904492
2020,2,28,2.039065441625
2020,2,29,3.547714643575
2020,3,1,2.17258566495
2020,3,2,4.0130048213
2020,3,3,1.0819384263
2020,3,4,0.58824367485
2020,3,5,2.077858778575
2020,3,6,4.69877581075
2020,3,7,0.982168971025
2020,3,8,4.6303393541
2020,3,9,2.142130254175
2020,3,10,1.06091194325
2020,3,11,2.056258737125
2020,3,12,3.81919574925
2020,3,13,1.41851436405
2020,3,14,3.9286229648999997
2020,3,15,5.686968496925
2020,3,16,3.957603592975
2020,3,17,3.2331792237
2020,3,18,5.96791922675
2020,3,19,4.488017464
2020,3,20,0.824628608275
2020,3,21,6.0572662165
2020,3,22,6.272502249325
2020,3,23,4.9022897813
2020,3,24,2.334229074775
2020,3,25,6.136097374275
2020,3,26,1.48092807225
2020,3,27,1.892942412175
2020,3,28,6.57345382635
2020,3,29,5.75536965545
2020,3,30,3.089868494575
2020,3,31,2.1055851547
2020,4,1,1.736973600975
2020,4,2,0.92166973355
2020,4,3,3.422278402025
2020,4,4,3.8018686283
2020,4,5,6.511749626975
2020,4,6,6.5657523819
2020,4,7,4.24249560875
2020,4,8,6.614261208175
2020,4,9,5.57868974345
2020,4,10,2.586287875975
2020,4,11,4.043715269675
2020,4,12,7.145377498875
2020,4,13,1.581928749125
2020,4,14,6.61359834865
2020,4,15,2.6648243177
2020,4,16,7.522673983925
2020,4,17,5.7582188665
2020,4,18,7.391137776
2020,4,19,7.74323614225
2020,4,20,6.110332183
2020,4,21,7.865614674
2020,4,22,7.1602159756
2020,4,23,6.366625720075
2020,4,24,6.405822654
2020,4,25,8.03047381225
2020,4,26,7.2433291837
2020,4,27,2.9056039454750002
2020,4,28,1.70216662725
2020,4,29,8.233235229925
2020,4,30,8.010728725225
2020,5,1,4.97109865615
2020,5,2,2.22820707015
2020,5,3,6.62616126695
2020,5,4,1.2755799056250001
2020,5,5,2.0656802719
2020,5,6,7.69409580315
2020,5,7,1.89612289485
2020,5,8,6.42372494655
2020,5,9,1.217262261025
2020,5,10,3.6275820085
2020,5,11,8.417567540825
2020,5,12,2.18113639745
2020,5,13,6.187945354325
2020,5,14,7.1713167847
2020,5,15,5.992214911275
2020,5,16,2.515236217675
2020,5,17,8.2553706904
2020,5,18,5.92264175425
2020,5,19,9.134653913
2020,5,20,8.759620587675
2020,5,21,8.07827427515
2020,5,22,6.9766305278
2020,5,23,9.0586755911
2020,5,24,7.93905356175
2020,5,25,8.41660168025
2020,5,26,4.019652218625
2020,5,27,4.9087473985
2020,5,28,4.86387564525
2020,5,29,1.588331538975
2020,5,30,1.421104178025
2020,5,31,5.090277771675
2020,6,1,8.574197700875
2020,6,2,3.90076021945
2020,6,3,1.76688154485
2020,6,4,6.3821974452
2020,6,5,5.09670548775
2020,6,6,1.681141057875
2020,6,7,2.74436094435
2020,6,8,7.367388220125
2020,6,9,8.414015867325
2020,6,10,8.178978345675
2020,6,11,4.843576199725
2020,6,12,1.084567262225
2020,6,13,5.446165907
2020,6,14,3.400970143975
2020,6,15,6.406287453975
2020,6,16,9.13538570875
2020,6,17,8.9459023046
2020,6,18,8.716609597175
2020,6,19,7.4850152546
2020,6,20,8.6521385481
2020,6,21,7.364147599575
2020,6,22,7.2746035727
2020,6,23,7.0841543675
2020,6,24,7.64974291255
2020,6,25,4.024654890225
2020,6,26,7.35809699065
2020,6,27,5.959244417425
2020,6,28,2.337703542125
2020,6,29,4.4523676778
2020,6,30,5.1320156863
2020,7,1,6.366069921975
2020,7,2,5.49907773645
2020,7,3,8.7917033882
2020,7,4,6.381308360825
2020,7,5,4.4921349803
2020,7,6,4.11858020115
2020,7,7,8.32784440375
2020,7,8,3.8935134566
2020,7,9,0.00024092345
2020,7,10,4.243779445
2020,7,11,3.9031974540250003
2020,7,12,5.4168609314
2020,7,13,6.6258048288
2020,7,14,2.54416588155
2020,7,15,2.246137278575
2020,7,16,5.7909740373
2020,7,17,4.80940352075
2020,7,18,5.50140629455
2020,7,19,5.481279790675
2020,7,20,5.20463534965
2020,7,21,7.826489342725
2020,7,22,7.8922242565
2020,7,23,2.70121011485
2020,7,24,5.90656426715
2020,7,25,8.006442431125
2020,7,26,2.3015761946
2020,7,27,4.291214706
2020,7,28,7.4575040044
2020,7,29,4.3917628069
2020,7,30,6.10791818885
2020,7,31,5.770434761575
2020,8,1,4.52009036615
2020,8,2,7.866057642375
2020,8,3,5.06419377995
2020,8,4,6.861332641525
2020,8,5,5.8624321474
2020,8,6,5.8417601839749995
2020,8,7,7.0796479981500005
2020,8,8,6.80885123285
2020,8,9,7.383613272625
2020,8,10,4.8604407347
2020,8,11,5.52357098625
2020,8,12,5.17553702075
2020,8,13,6.343971976225
2020,8,14,5.570632255
2020,8,15,7.2373399982
2020,8,16,6.507022154475
2020,8,17,3.5559989179750002
2020,8,18,6.4209582305
2020,8,19,5.051084406075
2020,8,20,7.41668376745
2020,8,21,2.125542112975
2020,8,22,6.507032383
2020,8,23,5.98315219795
2020,8,24,5.20486829965
2020,8,25,3.050901251125
2020,8,26,6.9580551467500005
2020,8,27,7.097940069
2020,8,28,7.04872013175
2020,8,29,3.3210429755
2020,8,30,2.316839860425
2020,8,31,5.24161379675
2020,9,1,6.9887717049499996
2020,9,2,5.4742938402500005
2020,9,3,1.307438143475
2020,9,4,5.57145186515
2020,9,5,6.64515283745
2020,9,6,5.71431120275
2020,9,7,5.4704591834
2020,9,8,4.899253628775
2020,9,9,4.05008210045
2020,9,10,2.14998657155
2020,9,11,3.121125080925
2020,9,12,6.222221580325
2020,9,13,5.480264672875
2020,9,14,3.198558327625
2020,9,15,5.067691508825
2020,9,16,3.891921241775
2020,9,17,4.058029742625
2020,9,18,0.83808806775
2020,9,19,5.899002430025
2020,9,20,5.61781696225
2020,9,21,5.80541313055
2020,9,22,0.830973388975
2020,9,23,1.30043338095
2020,9,24,5.2227503025
2020,9,25,5.55176876635
2020,9,26,3.71398453
2020,9,27,3.27648288905
2020,9,28,3.77323381805
2020,9,29,1.5065956091500001
2020,9,30,1.37122986885
2020,10,1,4.8383956895499995
2020,10,2,2.60505128415
2020,10,3,4.367941562275
2020,10,4,4.57290344785
2020,10,5,3.890860156325
2020,10,6,4.0757927492
2020,10,7,0.485302511075
2020,10,8,1.996476397475
2020,10,9,4.315598777275
2020,10,10,3.75882869625
2020,10,11,2.516757377475
2020,10,12,4.430939988675
2020,10,13,3.764423224075
2020,10,14,0.9363902549750001
2020,10,15,3.8883621037
2020,10,16,3.83959944525
2020,10,17,0.76946919805
2020,10,18,4.07787908975
2020,10,19,1.87478116125
2020,10,20,1.55505305385
2020,10,21,0.739413907525
2020,10,22,3.4433918621
2020,10,23,2.55047790695
2020,10,24,1.116698801925
2020,10,25,3.17447357405
2020,10,26,1.6159393351
2020,10,27,1.03262935655
2020,10,28,1.7808571908
2020,10,29,1.8339993782
2020,10,30,1.282793557325
2020,10,31,3.353533140725
2020,11,1,2.023630360675
2020,11,2,1.446344133575
2020,11,3,1.3868847877
2020,11,4,2.966132939875
2020,11,5,1.3577867276
2020,11,6,1.28969325295
2020,11,7,0.0
2020,11,9,0.4276269151
2020,11,10,2.62253872575
2020,11,11,1.5766571464999999
2020,11,12,0.734305858725
2020,11,13,1.51038798855
2020,11,14,1.008261013
2020,11,15,2.33852158875
2020,11,16,1.190045271725
2020,11,17,1.94734552465
2020,11,18,2.1459006051
2020,11,19,1.5785418497500001
2020,11,20,0.41372725475
2020,11,21,1.910204016025
2020,11,22,2.4066922382
2020,11,23,0.236718186775
2020,11,24,0.637991391575
2020,11,26,0.086368814225
2020,11,27,0.8834912451
2020,11,28,0.51278494375
2020,11,29,2.1432181412
2020,11,30,1.655853810725
2020,12,1,0.146179616625
2020,12,2,0.5493914505
2020,12,3,1.2006643961999999
2020,12,4,1.34316831475
2020,12,5,0.29545785605
2020,12,6,0.772776738225
2020,12,7,0.9996907924
2020,12,8,1.002976945525
2020,12,9,0.8075959918750001
2020,12,10,1.188091641425
2020,12,11,1.27354344455
2020,12,12,0.905182403
2020,12,13,0.255483553675
2020,12,14,0.866353176425
2020,12,15,0.75700602605
2020,12,16,0.0858863545
2020,12,17,0.542463074725
2020,12,18,1.55066407555
2020,12,19,0.86093399665
2020,12,20,0.86371269035
2020,12,21,0.635647315075
2020,12,22,0.755009854375
2020,12,23,1.6378944551249999
2020,12,24,2.0235261359
2020,12,25,-0.00024118117499999999
2020,12,26,0.07950637049999999
2020,12,27,1.945689795825
2020,12,28,1.06988638065
2020,12,29,1.798998874475
2020,12,30,1.9392769966499999
2020,12,31,0.5461848500500001
2021,1,1,2.02367513325
2021,1,2,0.2114612605
2021,1,3,0.564181538
2021,1,4,0.667414047775
2021,1,5,1.00077975545
2021,1,6,0.887290723775
2021,1,7,0.719936429525
2021,1,8,1.129518137475
2021,1,9,1.011830589825
2021,1,10,0.71183656615
2021,1,11,2.0931563529
2021,1,12,0.993544304375
2021,1,13,1.099623728
2021,1,14,0.46176575275
2021,1,15,2.07934575265
2021,1,16,0.846524234975
2021,1,17,1.050148559175
2021,1,18,0.47106919347500004
2021,1,19,0.58917507485
2021,1,20,2.5643964454
2021,1,21,2.12772509425
2021,1,22,0.663022419275
2021,1,23,0.7573319174
2021,1,24,1.1239140201
2021,1,25,1.235420905725
2021,1,26,1.86087939385
2021,1,27,1.089821221025
2021,1,28,1.405335017775
2021,1,29,1.1043366887
2021,1,30,2.9696337191
2021,1,31,1.8370315609999999
2021,2,1,1.0245005451
2021,2,2,0.30593033315
2021,2,3,1.4597627513
2021,2,4,0.303487694425
2021,2,5,0.8113658836
2021,2,6,2.117536904525
2021,2,7,1.46101027305
2021,2,8,1.7816206456
2021,2,9,3.4065731585
2021,2,10,3.504710304
2021,2,11,3.4624244227
2021,2,12,1.9587345515249999
2021,2,13,2.833839568875
2021,2,14,1.480472611625
2021,2,15,3.031757233525
2021,2,16,0.30992197645
2021,2,17,2.0272625658
2021,2,18,3.139878833075
2021,2,19,3.58247249295
2021,2,20,1.00563454615
2021,2,21,4.260635806175
2021,2,22,2.6459139454
2021,2,23,1.649045087125
2021,2,24,2.96480030715
2021,2,25,1.57420785175
2021,2,26,4.598959680425
2021,2,27,3.94403318425
2021,2,28,4.092293572575
2021,3,1,0.65939979565
2021,3,2,2.07133893255
2021,3,3,4.83640802825
2021,3,4,4.78241422505
2021,3,5,3.365937327625
2021,3,6,3.229204162975
2021,3,7,5.088353377925
2021,3,8,5.262827830325
2021,3,9,2.13154656005
2021,3,10,4.876865372325
2021,3,11,2.6100660798
2021,3,12,4.98188319725
2021,3,13,3.8145034721249997
2021,3,14,4.291975830625
2021,3,15,4.1205464669
2021,3,16,5.800882583025
2021,3,17,5.6975237659
2021,3,18,0.74819903975
2021,3,19,3.987869360425
2021,3,20,5.80623682875
2021,3,21,5.89751389725
2021,3,22,6.0651276545
2021,3,23,6.063587957075
2021,3,24,5.052164735225
2021,3,25,3.764047449025
2021,3,26,1.209332032475
2021,3,27,1.23061233685
2021,3,28,3.64076724405
2021,3,29,2.25221127965
2021,3,30,6.40331280905
2021,3,31,5.66975877915
2021,4,1,0.728309703675
2021,4,2,1.8354756371
2021,4,3,3.06319436035
2021,4,4,1.1853119395
2021,4,5,2.0236944554
2021,4,6,3.2856026443
2021,4,7,3.432939155175
2021,4,8,6.26626857755
2021,4,9,6.6825380882
2021,4,10,6.6465366708
2021,4,11,5.703556957775
2021,4,12,6.1208435016000005
2021,4,13,4.81623060205
2021,4,14,5.9282386787
2021,4,15,7.4303208476
2021,4,16,5.4876333564
2021,4,17,2.43603368955
2021,4,18,2.65145122345
2021,4,19,6.1069531451
2021,4,20,7.033757332475
2021,4,21,6.470793386275
2021,4,22,4.165852106875
2021,4,23,2.7182286319
2021,4,24,7.169733428375
2021,4,25,5.9686634857
2021,4,26,1.7806867976
2021,4,27,1.918883750725
2021,4,28,7.97221191525
2021,4,29,7.85803998925
2021,4,30,0.6426847695
2021,5,1,3.8441848349
2021,5,2,2.957690348725
2021,5,3,7.5763322967
2021,5,4,5.360980979
2021,5,5,3.558510711225
2021,5,6,1.717788536825
2021,5,7,5.716919282675
2021,5,8,1.131477354125
2021,5,9,3.097967578
2021,5,10,6.86929241705
2021,5,11,6.72485495
2021,5,12,2.8955043966750003
2021,5,13,7.6385327665
2021,5,14,7.602236191825
2021,5,15,8.450798064575
2021,5,16,7.505913066225
2021,5,17,8.357806834125
2021,5,18,5.646259660125
2021,5,19,1.715241617625
2021,5,20,6.446930494175
2021,5,21,8.378152549
2021,5,22,1.7138697417
2021,5,23,2.13237841955
2021,5,24,8.939704661075
2021,5,25,7.64991335085
2021,5,26,7.25606021225
2021,5,27,4.204662287125
2021,5,28,8.753936952
2021,5,29,3.39073067245
2021,5,30,5.2191233845000005
2021,5,31,5.1826873643999996
2021,6,1,4.1121568036
2021,6,2,8.834254295425
2021,6,3,6.2890573327
2021,6,4,1.779440140825
2021,6,5,5.783880554875
2021,6,6,8.127234705425
2021,6,7,8.1313972638
2021,6,8,8.374256936525
2021,6,9,6.112768442875
2021,6,10,8.549307971125
2021,6,11,6.6346314913
2021,6,12,7.308812207875
2021,6,13,7.4791880518
2021,6,14,8.38021146245
2021,6,15,1.91646305615
2021,6,16,3.917320884175
2021,6,17,9.0742616912
2021,6,18,9.056920199875
2021,6,19,3.488640941475
2021,6,20,6.780682122675
2021,6,21,7.50688679955
2021,6,22,3.86218072555
2021,6,23,6.305264700625
2021,6,24,9.265901512625
2021,6,25,6.266281904725
2021,6,26,5.997807151775
2021,6,27,1.263084009
2021,6,28,4.9951899427
2021,6,29,5.72444125715
2021,6,30,4.599010111525
2021,7,1,3.277487579475
2021,7,2,1.914975626325
2021,7,3,2.4423844892
2021,7,4,1.15104395395
2021,7,5,8.06946917515
2021,7,6,5.0091072681
2021,7,7,5.68960487115
2021,7,8,6.3532386689
2021,7,9,1.708389951725
2021,7,10,5.9773162789
2021,7,11,7.527164454625
2021,7,12,6.82655187775
2021,7,13,7.5756054635
2021,7,14,7.8557455759
2021,7,15,3.58255750035
2021,7,16,7.000658497
2021,7,17,6.217699246125
2021,7,18,3.3734219132
2021,7,19,3.761494914025
2021,7,20,4.605063131825
2021,7,21,3.044161962875
2021,7,22,2.794817307725
2021,7,23,7.952678386875
2021,7,24,5.974971582725
2021,7,25,1.953872633
2021,7,26,4.1185596988999995
2021,7,27,4.1164643096499995
2021,7,28,7.296408521875
2021,7,29,7.658288330875
2021,7,30,1.344340464575
2021,7,31,5.615602092375
2021,8,1,7.9239272509
2021,8,2,1.67426946375
2021,8,3,7.187272778875
2021,8,4,6.873084679
2021,8,5,2.781595171
2021,8,6,2.855945747225
2021,8,7,6.34936174715
2021,8,8,4.171287361775
2021,8,9,6.25489917365
2021,8,10,4.767072196
2021,8,11,5.453433127475
2021,8,12,4.0173251106
2021,8,13,5.794834181675
2021,8,14,6.54471604025
2021,8,15,6.51966657425
2021,8,16,7.3604809431
2021,8,17,7.3478573075
2021,8,18,2.6493436974
2021,8,19,1.6691115942499999
2021,8,20,2.891396568175
2021,8,21,4.1884811463
2021,8,22,5.45369690525
2021,8,23,2.470092338
2021,8,24,4.453175481
2021,8,25,4.7002363156
2021,8,26,6.388467742525
2021,8,27,4.16746778715
2021,8,28,6.46292784025
2021,8,29,6.49301720085
2021,8,30,0.84264436265
2021,8,31,4.3653345115499995
2021,9,1,6.053969327025
2021,9,2,0.80786929985
2021,9,3,3.8659142119
2021,9,4,2.544400907325
2021,9,5,5.0692701538
2021,9,6,0.5272539317
2021,9,7,5.754012287675
2021,9,8,12.4455065415
2021,9,9,3.59897658555
2021,9,10,4.83708875015
2021,9,11,12.3195034254
2021,9,12,8.308523741625
2021,9,13,7.68216783485
2021,9,14,9.468569066075
2021,9,15,3.7019032795999998
2021,9,16,5.70439286645
2021,9,17,7.2021005875499995
2021,9,18,7.38588631885
2021,9,19,10.03867980205
2021,9,20,11.04843508065
2021,9,21,10.972315858149999
2021,9,22,9.55798906985
2021,9,23,8.781535498475
2021,9,24,7.16727154935
2021,9,25,5.33159829435
2021,9,26,0.9154936070499999
2021,9,27,5.184142203975
2021,9,28,2.4158028501
2021,9,29,2.631567456075
2021,9,30,4.93127009225
2021,10,1,4.84236754355
2021,10,2,2.164328119
2021,10,3,3.596515062025
2021,10,4,3.847417147525
2021,10,5,4.83063300465
2021,10,6,4.7083974479
2021,10,7,4.35493463155
2021,10,8,4.416186506875
2021,10,9,4.582190967575
2021,10,10,3.9683600786
2021,10,11,3.53841615975
2021,10,12,3.377769508425
2021,10,13,2.771986851775
2021,10,14,0.8681073470999999
2021,10,15,3.7507226366
2021,10,16,1.5937986813
2021,10,17,0.6213761176
2021,10,18,3.2610897848000002
2021,10,19,3.098941201675
2021,10,20,1.5516976429
2021,10,21,3.47566613355
2021,10,22,1.92499207125
2021,10,23,1.504301523825
2021,10,24,1.8768125726
2021,10,25,1.02916654975
2021,10,26,2.1702383635749998
2021,10,27,0.79512098845
2021,10,28,1.9360040965
2021,10,29,2.808355026775
2021,10,30,2.35740797885
2021,10,31,0.22325159995
2021,11,1,2.661032306
2021,11,2,2.88611133965
2021,11,3,0.71670900775
2021,11,4,3.09612310625
2021,11,5,2.073980454875
2021,11,6,2.90294288765
2021,11,7,2.89160466075
2021,11,8,2.771967393775
2021,11,9,2.550575207575
2021,11,10,0.447818556325
2021,11,11,2.557720564825
2021,11,12,1.237224805925
2021,11,13,2.097993974225
2021,11,14,1.043011714775
2021,11,15,0.26825112595
2021,11,16,1.171936296675
2021,11,17,2.39520392965
2021,11,18,0.10921768005
2021,11,19,0.36404940125
2021,11,20,2.3605407988
2021,11,21,1.29017008545
2021,11,22,0.294917603875
2021,11,23,0.30286447455
2021,11,24,0.25672501335
2021,11,25,0.569566989325
2021,11,26,0.533323491475
2021,11,27,0.875978785075
2021,11,28,0.427035339625
2021,11,29,0.1411220546
2021,11,30,0.724160600075
2021,12,1,0.8262992045
2021,12,2,0.413519725475
2021,12,3,0.698791043825
2021,12,4,1.7400600099
2021,12,5,1.739447834425
2021,12,6,0.341504349075
2021,12,7,1.992345773525
2021,12,8,0.69265143395
2021,12,9,1.48375292025
2021,12,10,1.247655757225
2021,12,11,0.2572731613
2021,12,12,0.82951782275
2021,12,13,1.046938105825
2021,12,14,1.111214360625
2021,12,15,1.8767987865
2021,12,16,0.19823485265000002
2021,12,17,0.9879293306
2021,12,18,1.82409994345
2021,12,19,0.669880371025
2021,12,20,1.693631734625
2021,12,21,1.700771652875
2021,12,22,0.33392349117500003
2021,12,23,1.6141020024250001
2021,12,24,0.95327556675
2021,12,25,1.6897164266
2021,12,26,1.909284552
2021,12,27,0.65655460195
2021,12,28,1.23121125785
2021,12,29,1.272907266225
2021,12,30,0.59332592695
2021,12,31,0.42008579435
2022,1,1,0.9959780346
2022,1,2,0.33118258875
2022,1,3,1.3184223699
2022,1,4,1.9704948876
2022,1,5,1.11205441415
2022,1,6,1.618517826525
2022,1,7,0.10831617885
2022,1,8,0.3147686645
2022,1,9,0.0
2022,1,10,1.754499461425
2022,1,11,2.004753182975
2022,1,12,0.298770477175
2022,1,13,1.0428903328999999
2022,1,14,0.374113340875
2022,1,15,0.0
2022,1,16,1.72367093325
2022,1,17,0.36135586765
2022,1,18,0.465479963275
2022,1,19,1.673175076525
2022,1,20,0.5564036843
2022,1,21,2.288827693025
2022,1,22,1.472883349
2022,1,23,0.941248713225
2022,1,24,0.69321863585
2022,1,25,0.401107100875
2022,1,26,1.5391566742
2022,1,27,2.76075357885
2022,1,28,1.207230229725
2022,1,29,0.2037301625
2022,1,30,1.37632014435
2022,1,31,2.855324053525
2022,2,1,2.9962925018
2022,2,2,1.952247476875
2022,2,3,0.79028874635
2022,2,4,0.260202409375
2022,2,5,1.492553208925
2022,2,6,3.696759069525
2022,2,7,1.21010430105
2022,2,8,0.235918961225
2022,2,9,2.2668687733
2022,2,10,1.97370396315
2022,2,11,3.371127411425
2022,2,12,1.857052930475
2022,2,13,0.973542357075
2022,2,14,1.11419256765
2022,2,15,2.836424454175
2022,2,16,3.636813707225
2022,2,17,1.310616423225
2022,2,18,0.214464007125
2022,2,19,2.80155714505
2022,2,20,4.136448212675
2022,2,21,1.7470059725
2022,2,22,1.92452755455
2022,2,23,0.5981975128
2022,2,24,4.1399826840000005
2022,2,25,0.708445225375
2022,2,26,4.48429566425
2022,2,27,1.85157776315
2022,2,28,0.0
2022,3,1,3.651040936675
2022,3,2,1.523804104575
2022,3,3,0.96479232015
2022,3,4,4.767890363575
2022,3,5,4.903379344925
2022,3,6,0.387879580625
2022,3,7,1.131544474325
2022,3,8,1.523326135825
2022,3,9,3.13661357995
2022,3,10,4.0175783706
2022,3,11,4.830942439275
2022,3,12,0.444511960375
2022,3,13,3.6311714190249997
2022,3,14,5.234759870375
2022,3,15,4.7174153152
2022,3,16,4.31679435
2022,3,17,4.1621553627
2022,3,18,3.67648625635
2022,3,19,0.88410074365
2022,3,20,1.294831569375
2022,3,21,2.737308650325
2022,3,22,4.916146157125
2022,3,23,3.62105443045
2022,3,24,3.216705366525
2022,3,25,0.61440628735
2022,3,26,4.61804779325
2022,3,27,0.0
2022,3,28,3.6700013455
2022,3,29,2.3327558211
2022,3,30,5.979962058125
2022,3,31,2.160411412025
2022,4,1,0.8628480072
2022,4,2,2.02767780695
2022,4,3,5.82162682905
2022,4,4,1.12272300595
2022,4,5,6.9293611402
2022,4,6,6.930818069
2022,4,7,6.906908136875
2022,4,8,3.80473892365
2022,4,9,4.0131054387
2022,4,10,1.0496339053000001
2022,4,11,2.01077544555
2022,4,13,2.41418213
2022,4,25,0.7745533
2022,4,26,0.1160367
2022,4,28,1.419060155775
2022,4,29,1.717078057675
2022,4,30,3.077731609625
2022,5,1,3.24511578505
2022,5,2,7.697694570825
2022,5,3,8.003544007225
2022,5,4,3.889009696025
2022,5,5,4.985135127125
2022,5,6,7.09427933685
2022,5,7,4.94884985625
2022,5,8,8.1733632947
2022,5,9,8.342919435
2022,5,10,8.4713230785
2022,5,11,6.314060100075
2022,5,12,7.716524512875
2022,5,13,5.6885632735
2022,5,14,5.0098254652
2022,5,15,1.655661441125
2022,5,16,3.68195563015
2022,5,17,4.469438795625
2022,5,18,5.471563062275
2022,5,19,8.502614240575
2022,5,20,8.219144550325
2022,5,21,5.032560571125
2022,5,22,6.597804843675
2022,5,23,4.788816300975
2022,5,24,8.5562968614
2022,5,25,8.793549994175
2022,5,26,6.8678184347
2022,5,27,1.07073585895
2022,5,28,1.627581756525
2022,5,29,8.2182192523
2022,5,30,5.46189335515
2022,5,31,7.7124055865
2022,6,1,7.339532770675
2022,6,2,8.8411659618
2022,6,3,7.048453493675
2022,6,4,6.272089291725
2022,6,5,3.3830832196
2022,6,6,3.456460485775
2022,6,7,8.8527522852
2022,6,8,3.366193124575
2022,6,9,3.1248657779
2022,6,10,7.677898472125
2022,6,11,7.527661070325
2022,6,12,8.08685621095
2022,6,13,1.470232477275
2022,6,14,1.7030442907
2022,6,15,8.849955533875
2022,6,16,8.63073336845
2022,6,17,0.858188024
2022,6,18,3.852181725725
2022,6,19,7.376579366875
2022,6,20,2.689386524575
2022,6,21,4.066593040775
2022,6,22,5.2508623114
2022,6,23,8.666819213775
2022,6,24,3.5771903948
2022,6,25,7.4380056010999995
2022,6,26,7.99746971415
2022,6,27,7.617959330425
2022,6,28,3.7835058189
2022,6,29,8.6684992243
2022,6,30,8.2123090399
2022,7,1,7.05733036165
2022,7,2,1.870383731525
2022,7,3,7.19040873015
2022,7,4,8.87421755905
2022,7,5,8.407358264675
2022,7,6,1.095426060925
2022,7,7,8.15502675945
2022,7,8,5.810602232275
2022,7,9,2.3862933011500003
2022,7,10,6.908960165
2022,7,11,8.06133985625
2022,7,12,7.494457825275
2022,7,13,6.185862584575
2022,7,14,7.1252309017
2022,7,15,5.4068667566
2022,7,16,7.7780824389
2022,7,17,6.899867008
2022,7,18,0.488137506775
